table_name,ordinal_position,column_name,data_type,udt_name,is_nullable,column_default,character_maximum_length,numeric_precision,numeric_scale
case,1,id,integer,int4,NO,nextval('case_id_seq'::regclass),,32,0
case,2,fallnr,text,text,YES,,,,
case,3,gender,USER-DEFINED,gender_enum_5ac919f3,YES,,,,
case,4,entry_stamp,timestamp with time zone,timestamptz,NO,now(),,,
case,5,years_of_education,integer,int4,YES,0,,32,0
case,6,education_level,USER-DEFINED,education_level_enum_7efaf01a,YES,,,,
case,7,employment_status,USER-DEFINED,employment_status_enum_9e21aa67,YES,,,,
case,8,family_history,boolean,bool,YES,false,,,
case,9,death_date,date,date,YES,now(),,,
case,10,death_cause,text,text,YES,,,,
case,11,apoe,USER-DEFINED,apoe_enum_4069a327,YES,,,,
case,12,genes,text,text,YES,,,,
case,13,smoking,USER-DEFINED,smoking_enum_01d27a4f,YES,,,,
case,14,pack_years,integer,int4,YES,0,,32,0
case,15,alcohol,USER-DEFINED,alcohol_enum_58e3c766,YES,,,,
case,16,deleted,boolean,bool,YES,false,,,
case,17,date_of_birth,date,date,YES,now(),,,
case,18,caa_criteria,USER-DEFINED,caa_criteria_enum_bf701ae9,YES,,,,
case,19,caa_criteria_stage,USER-DEFINED,caa_criteria_stage_enum_fc49e696,YES,,,,
case,20,caa_diagnosis_date,date,date,YES,now(),,,
case,21,autopsy,USER-DEFINED,autopsy_enum_d73b6252,YES,'irrelevant'::autopsy_enum_d73b6252,,,
case,22,data_dumped,boolean,bool,YES,false,,,
clinical_history,1,id,integer,int4,NO,nextval('clinica_history_id_seq'::regclass),,32,0
clinical_history,2,case_id,integer,int4,YES,,,32,0
clinical_history,3,date_disease,date,date,YES,now(),,,
clinical_history,4,disease,text,text,YES,,,,
clinical_history,5,hospitalized,boolean,bool,YES,false,,,
clinical_history,6,date_admissioned,date,date,YES,now(),,,
clinical_history,7,clinical_outcome,text,text,YES,,,,
clinical_history,8,mri_field_strength,text,text,YES,'-99'::text,,,
clinical_history,9,mri_flair,boolean,bool,YES,false,,,
clinical_history,10,mri_t2,boolean,bool,YES,false,,,
clinical_history,11,mmse,integer,int4,YES,'-99'::integer,,32,0
clinical_history,12,moca,integer,int4,YES,'-99'::integer,,32,0
clinical_history,13,rr_systolic,integer,int4,YES,'-99'::integer,,32,0
clinical_history,14,rr_diastolic,integer,int4,YES,'-99'::integer,,32,0
clinical_history,15,bmi,integer,int4,YES,'-99'::integer,,32,0
clinical_history,16,date_discharged,date,date,YES,now(),,,
clinical_history,17,hospitalized_where,USER-DEFINED,hospitalized_where_enum_660d0340,YES,,,,
clinical_history,18,disease_category,USER-DEFINED,disease_category_enum_2cb9966b,YES,,,,
clinical_history,19,rx_mode,USER-DEFINED,rx_mode_enum_565bcb50,YES,,,,
clinical_history,20,mri_location,USER-DEFINED,mri_location_enum_5d3b71eb,YES,,,,
clinical_history,21,mri_blood_sequences,USER-DEFINED,mri_blood_sequences_enum_08cb699d,YES,,,,
clinical_history,22,symptoms,USER-DEFINED,symptoms_enum_b56e8af4,YES,,,,
clinical_history,23,deleted,boolean,bool,YES,false,,,
clinical_history,24,epilepsy_type,USER-DEFINED,epilepsy_type_enum_5db7ea2f,YES,,,,
clinical_history,25,epileptic_status,boolean,bool,YES,false,,,
clinical_history,26,aria_type,USER-DEFINED,aria_type_enum_f672347c,YES,'none'::aria_type_enum_f672347c,,,
examinations,1,id,integer,int4,NO,nextval('examinations_id_seq'::regclass),,32,0
examinations,2,case_id,integer,int4,YES,,,32,0
examinations,3,type,USER-DEFINED,type_enum_3269a85d,YES,,,,
examinations,4,location,USER-DEFINED,location_enum_32c78b5f,YES,,,,
examinations,5,result,text,text,YES,,,,
examinations,6,neck_vessel_result,USER-DEFINED,neck_vessel_result_enum_a1381347,YES,,,,
examinations,7,deleted,boolean,bool,YES,false,,,
examinations,8,date_examination,date,date,YES,now(),,,
family_history,1,id,integer,int4,NO,nextval('family_history_id_seq'::regclass),,32,0
family_history,2,case_id,integer,int4,YES,,,32,0
family_history,3,relative,text,text,YES,,,,
family_history,4,disease,text,text,YES,,,,
family_history,5,relative_category,USER-DEFINED,relative_category_enum_6d45e69e,YES,,,,
family_history,6,deleted,boolean,bool,YES,false,,,
laboratory,1,id,integer,int4,NO,nextval('laboratory_id_seq'::regclass),,32,0
laboratory,2,case_id,integer,int4,YES,,,32,0
laboratory,3,date_of_exam,date,date,YES,now(),,,
laboratory,4,csf_beta42,integer,int4,YES,0,,32,0
laboratory,5,csf_beta4240_ratio,integer,int4,YES,0,,32,0
laboratory,6,csf_tau_total,integer,int4,YES,0,,32,0
laboratory,7,csf_ptau_total,integer,int4,YES,0,,32,0
laboratory,8,crp,integer,int4,YES,0,,32,0
laboratory,9,hba1c,integer,int4,YES,0,,32,0
laboratory,10,deleted,boolean,bool,YES,false,,,
medications,1,id,integer,int4,NO,nextval('medications_id_seq'::regclass),,32,0
medications,2,case_id,integer,int4,YES,,,32,0
medications,3,date_noted,date,date,YES,now(),,,
medications,4,medication,text,text,YES,,,,
medications,5,date_stopped,date,date,YES,now(),,,
medications,6,medication_category,USER-DEFINED,medication_category_enum_1f8daa6a,YES,,,,
medications,7,deleted,boolean,bool,YES,false,,,
radiology,1,id,integer,int4,NO,nextval('radiology_id_seq'::regclass),,32,0
radiology,2,case_id,integer,int4,YES,,,32,0
radiology,3,acute_lesion,boolean,bool,YES,false,,,
radiology,4,type,USER-DEFINED,type_enum_bf3e5d20,YES,,,,
radiology,5,deleted,boolean,bool,YES,false,,,
radiology,6,mri_date,date,date,YES,now(),,,
radiology,7,pid,text,text,YES,,,,
radiology,8,saved_on_hdd,boolean,bool,YES,false,,,
sample_users,1,id,integer,int4,NO,nextval('sample_users_id_seq'::regclass),,32,0
sample_users,2,name,text,text,YES,,,,
sample_users,3,email,text,text,YES,,,,
sample_users,4,signup_date,timestamp without time zone,timestamp,YES,,,,
sample_users,5,role,text,text,YES,,,,
sample_users,6,enabled,boolean,bool,YES,,,,
states,1,id,integer,int4,NO,nextval('states_id_seq'::regclass),,32,0
states,2,field,text,text,YES,,,,
states,3,state,text,text,YES,,,,
user_access_management,1,id,bigint,int8,NO,,,64,0
user_access_management,2,user_name,text,text,YES,,,,
user_access_management,3,email,text,text,YES,,,,
user_access_management,4,password,text,text,YES,,,,
user_access_management,5,access_level,text,text,YES,,,,
user_access_management,6,account_status,text,text,YES,,,,
user_access_management,7,last_login,text,text,YES,,,,
user_access_management,8,created_at,text,text,YES,,,,
user_access_management,9,updated_at,text,text,YES,,,,
user_access_management,10,failed_login_attempts,text,text,YES,,,,
user_access_management,11,photo,text,text,YES,,,,
user_management_software,1,id,bigint,int8,NO,,,64,0
user_management_software,2,name,text,text,YES,,,,
user_management_software,3,username,text,text,YES,,,,
user_management_software,4,encrypted_password,text,text,YES,,,,
user_management_software,5,email,text,text,YES,,,,
user_management_software,6,role,text,text,YES,,,,
user_management_software,7,last_login,text,text,YES,,,,
user_management_software,8,created_at,text,text,YES,,,,
user_management_software,9,updated_at,text,text,YES,,,,
user_management_software,10,status,text,text,YES,,,,
user_management_software,11,photo,text,text,YES,,,,