schema_name,enum_name,enumsortorder,enum_value
public,alcohol_enum_58e3c766,1,active
public,alcohol_enum_58e3c766,2,former
public,alcohol_enum_58e3c766,3,unknown
public,alcohol_enum_58e3c766,4,never
public,apoe_enum_4069a327,1,not done
public,apoe_enum_4069a327,2,pending
public,apoe_enum_4069a327,3,E2E2
public,apoe_enum_4069a327,4,E2E3
public,apoe_enum_4069a327,5,E2E4
public,apoe_enum_4069a327,6,E3E3
public,apoe_enum_4069a327,7,E3E4
public,apoe_enum_4069a327,8,E4E4
public,aria_type_enum_f672347c,1,ARIA-E
public,aria_type_enum_f672347c,2,ARIA-H
public,aria_type_enum_f672347c,3,ARIA-E + H
public,aria_type_enum_f672347c,4,ABRA
public,aria_type_enum_f672347c,5,Combination
public,aria_type_enum_f672347c,6,none
public,autopsy_enum_d73b6252,1,irrelevant
public,autopsy_enum_d73b6252,2,not done
public,autopsy_enum_d73b6252,3,done
public,autopsy_enum_d73b6252,4,done with neuropathology
public,autopsy_enum_d73b6252,5,unknown or pending
public,caa_criteria_enum_bf701ae9,1,Boston Criteria 1.5
public,caa_criteria_enum_bf701ae9,2,Boston Criteria 2.0
public,caa_criteria_enum_bf701ae9,3,Edinburgh Criteria
public,caa_criteria_enum_bf701ae9,4,Overlapp
public,caa_criteria_enum_bf701ae9,5,Unknown
public,caa_criteria_enum_bf701ae9,6,Other
public,caa_criteria_stage_enum_fc49e696,1,definite (autopsy)
public,caa_criteria_stage_enum_fc49e696,2,probable with supp. pathology
public,caa_criteria_stage_enum_fc49e696,3,probable
public,caa_criteria_stage_enum_fc49e696,4,possible
public,caa_criteria_stage_enum_fc49e696,5,not categorised
public,disease_category_enum_2cb9966b,1,intracerebral bleeding
public,disease_category_enum_2cb9966b,2,ischemic stroke
public,disease_category_enum_2cb9966b,3,vascular disease
public,disease_category_enum_2cb9966b,4,cancer
public,disease_category_enum_2cb9966b,5,other
public,disease_category_enum_2cb9966b,6,unknown
public,disease_category_enum_2cb9966b,7,not specified
public,disease_category_enum_2cb9966b,8,cognitive disorder (dementia)
public,disease_category_enum_2cb9966b,9,epilepsy
public,disease_category_enum_2cb9966b,10,transitory neurological episodes (TFNES)
public,disease_category_enum_2cb9966b,11,metabolic disease
public,disease_category_enum_2cb9966b,12,arterial hypertension
public,disease_category_enum_2cb9966b,13,atrial fibrillation
public,education_level_enum_7efaf01a,1,none
public,education_level_enum_7efaf01a,2,elementary
public,education_level_enum_7efaf01a,3,high school
public,education_level_enum_7efaf01a,4,college
public,education_level_enum_7efaf01a,5,university
public,education_level_enum_7efaf01a,6,post-graduate
public,education_level_enum_7efaf01a,7,other
public,education_level_enum_7efaf01a,8,unknown
public,employment_status_enum_9e21aa67,1,active
public,employment_status_enum_9e21aa67,2,retirement
public,employment_status_enum_9e21aa67,3,other
public,employment_status_enum_9e21aa67,4,unknown
public,epilepsy_type_enum_5db7ea2f,1,focal seizures
public,epilepsy_type_enum_5db7ea2f,2,generalised seizures
public,epilepsy_type_enum_5db7ea2f,3,other
public,epilepsy_type_enum_5db7ea2f,4,unknown
public,gender_enum_5ac919f3,1,woman
public,gender_enum_5ac919f3,2,man
public,gender_enum_5ac919f3,3,other
public,gender_enum_5ac919f3,4,unspecified
public,gender_enum_5ac919f3,5,unknown
public,gender_enum_5ac919f3,6,
public,hospitalized_where_enum_660d0340,1,cdk
public,hospitalized_where_enum_660d0340,2,other
public,hospitalized_where_enum_660d0340,3,unknown
public,location_enum_32c78b5f,1,neck vessels
public,location_enum_32c78b5f,2,brain
public,location_enum_32c78b5f,3,heart
public,location_enum_32c78b5f,4,body
public,location_enum_32c78b5f,5,abdomen
public,location_enum_32c78b5f,6,other
public,medication_category_enum_1f8daa6a,1,blood pressure control
public,medication_category_enum_1f8daa6a,2,antithrombotic
public,medication_category_enum_1f8daa6a,3,antidiabetic
public,medication_category_enum_1f8daa6a,4,anticoagulant old
public,medication_category_enum_1f8daa6a,5,anticoagulant new
public,medication_category_enum_1f8daa6a,6,beta blocker
public,medication_category_enum_1f8daa6a,7,diuretic
public,medication_category_enum_1f8daa6a,8,cancer medications
public,medication_category_enum_1f8daa6a,9,other
public,medication_category_enum_1f8daa6a,10,unknown
public,mri_blood_sequences_enum_08cb699d,1,swi
public,mri_blood_sequences_enum_08cb699d,2,gre
public,mri_blood_sequences_enum_08cb699d,3,t2star
public,mri_blood_sequences_enum_08cb699d,4,unknown
public,mri_blood_sequences_enum_08cb699d,5,other
public,mri_location_enum_5d3b71eb,1,cdk
public,mri_location_enum_5d3b71eb,2,other
public,mri_location_enum_5d3b71eb,3,unknown
public,neck_vessel_result_enum_a1381347,1,ica > 50% right stenosis
public,neck_vessel_result_enum_a1381347,2,ica > 50% left stenosis
public,neck_vessel_result_enum_a1381347,3,acm right > 50 % stenosis
public,neck_vessel_result_enum_a1381347,4,acm left >50% stenosis
public,neck_vessel_result_enum_a1381347,5,other cerebral vessel stenosis
public,neck_vessel_result_enum_a1381347,6,unknown
public,relative_category_enum_6d45e69e,1,first grade
public,relative_category_enum_6d45e69e,2,second grade
public,relative_category_enum_6d45e69e,3,unknown
public,relative_category_enum_6d45e69e,4,not specified
public,relative_category_enum_6d45e69e,5,Option
public,rx_mode_enum_565bcb50,1,ct
public,rx_mode_enum_565bcb50,2,mri
public,rx_mode_enum_565bcb50,3,other
public,rx_mode_enum_565bcb50,4,unknown
public,rx_mode_enum_565bcb50,5,"a "
public,rx_mode_enum_565bcb50,6,
public,smoking_enum_01d27a4f,1,active
public,smoking_enum_01d27a4f,2,former
public,smoking_enum_01d27a4f,3,unknown
public,smoking_enum_01d27a4f,4,never
public,symptoms_enum_b56e8af4,1,none
public,symptoms_enum_b56e8af4,2,headache or dizziness
public,symptoms_enum_b56e8af4,3,focal neurological deficit
public,symptoms_enum_b56e8af4,4,cognitive decline
public,symptoms_enum_b56e8af4,5,gait disorder
public,symptoms_enum_b56e8af4,6,mood change
public,symptoms_enum_b56e8af4,7,seizures
public,symptoms_enum_b56e8af4,8,"unknown "
public,symptoms_enum_b56e8af4,9,not specified
public,type_enum_3269a85d,1,ultrasound
public,type_enum_3269a85d,2,pet ct amyloid
public,type_enum_3269a85d,3,pet ct fdg
public,type_enum_3269a85d,4,spect
public,type_enum_3269a85d,5,mri body
public,type_enum_3269a85d,6,other
public,type_enum_bf3e5d20,1,lobar
public,type_enum_bf3e5d20,2,basal ganglia
public,type_enum_bf3e5d20,3,subarachnoidal bleeding
public,type_enum_bf3e5d20,4,cmb
public,type_enum_bf3e5d20,5,css
public,type_enum_bf3e5d20,6,other
public,type_enum_bf3e5d20,7,unknown
public,type_enum_bf3e5d20,8,not specified